case_id,customer_message,true_intent,predicted_intent,intent_confidence,top_similarity,intent_alignment,grounding_pass,grounding_severity,draft_reply,decision,reason_code,reason,ground_truth_label,ground_truth_rationale,classification_type,human_reference_label,human_rationale
CASE_007666,@115858 #MacbookPro has been doing this on cycle none stop. Not sure what is happening. Any help? Purple ish screen @AppleSupport https://t.co/1v9926e3Vu @AppleSupport Not working. Purple screen and loading bar,DISPLAY_TOUCH_SCREEN,DISPLAY_TOUCH_SCREEN,0.9396442706790118,0.6432,0.0,True,NONE,We'd be happy to help with this. Not at all how we want you experiencing your Mac. Are you seeing anything on the screen when the shutdown happens? Glad to hear that things are working as expected again. Feel free to reach out if any questions come up. Let us know if this helps resolve the issue.,ESCALATE,WEAK_EVIDENCE,Top retrieval similarity (0.6432) is below the validated quality threshold (0.65).,SHOULD_ESCALATE,Retrieved evidence does not match customer's problem intent.,TRUE_ESCALATE,SHOULD_ESCALATE,Retrieved historical evidence is too generic or weakly related.
CASE_000589,"@115858 what’s with this auto brightness shit, pls let us disable it @AppleSupport oh thanks! good looks",DISPLAY_TOUCH_SCREEN,DISPLAY_TOUCH_SCREEN,0.5968199932912374,0.8886,1.0,True,NONE,"We'd like to help get this sorted out. You certainly can. Let us show you how. Open Settings &gt; General &gt; Accessibility &gt; Display Accommodations. The toggle will be available there. If you're using iOS 10, you can find the alternate location here: https://t.co/bkqEVCrK2l Let us know if you have any questions along the way.",ESCALATE,LOW_INTENT_CONFIDENCE,Predicted intent confidence (0.5968) is below the validated confidence threshold (0.60).,SAFE_TO_AUTO_HANDLE,Well-defined customer issue with matching historical resolution evidence.,FALSE_ESCALATE,SAFE_TO_AUTO_HANDLE,"Clear inquiry with direct, verified historical troubleshooting steps."
CASE_005251,@AppleSupport Hi! Found a bug in iOS 11.1 running on iPhone X. The top part screen becomes unresponsive and unusable after ending a call https://t.co/cij2H2DAT3 @AppleSupport I shall try restarting and let you know! Thanks. @AppleSupport The issue still persists.,DISPLAY_TOUCH_SCREEN,DISPLAY_TOUCH_SCREEN,0.6235142551647216,0.7172,1.0,True,NONE,"We'd like to help get this sorted out. Thanks for reaching out. We want to help. What version of iOS is on this device? Go to Settings &gt; General &gt; About. Also, have you tried re-starting your device? Here’s how: https://t.co/OWRDHWSt4h Thanks for letting us know! If you have any other issues, let us know. We’re available every day from 5 a.m. Let us know if you have any questions along the way.",AUTO_HANDLE,STRONG_GROUNDED_EVIDENCE,Intent confidence and retrieval evidence exceed validated thresholds and the independent grounding check passed with no unsupported claims.,SAFE_TO_AUTO_HANDLE,Well-defined customer issue with matching historical resolution evidence.,TRUE_AUTO_HANDLE,SAFE_TO_AUTO_HANDLE,"Clear inquiry with direct, verified historical troubleshooting steps."
CASE_006030,"@AppleSupport the iOS 11.0.3 update, how the screen looks going back to home, is seriously messing with my #Menieres disease. How to fix? @AppleSupport DM’d you, thank you.",DISPLAY_TOUCH_SCREEN,DISPLAY_TOUCH_SCREEN,0.4747252549674286,0.6867,0.6667,True,NONE,We'd like to help get this sorted out. Thanks for reaching out to us for support. Can you please let us know which iOS version you're using and when the issue started? Let's begin by updating to the latest version of iOS. This article will guide you: https://t.co/80YRnjDFDk Keep us posted on the results. We're glad to hear it. Have a great day! Let us know if you have any questions along the way.,ESCALATE,LOW_INTENT_CONFIDENCE,Predicted intent confidence (0.4747) is below the validated confidence threshold (0.60).,SHOULD_ESCALATE,Retrieved evidence does not match customer's problem intent.,TRUE_ESCALATE,SAFE_TO_AUTO_HANDLE,"Clear inquiry with direct, verified historical troubleshooting steps."
CASE_004692,@AppleSupport please bring support for #Gmail aliases to the #iOS #Mail app! Exists in #MacOS already... @AppleSupport Thanks guys! 👍😊,GENERAL_DEVICE_INQUIRY,OS_UPDATE_SYSTEM_PERFORMANCE,0.18094910805459738,0.6257,0.3333,True,NONE,"We'd be happy to help with this. We'd love to help. Could you give us a few details such as the issue, the device, and software version? Let us know if this helps resolve the issue.",ESCALATE,CONFLICTING_EVIDENCE,Retrieved historical evidence contains conflicting troubleshooting paths or fragmented intents.,SAFE_TO_AUTO_HANDLE,Well-defined customer issue with matching historical resolution evidence.,FALSE_ESCALATE,SHOULD_ESCALATE,Retrieved historical evidence is too generic or weakly related.
CASE_004217,@115858 sooo when are you guys going to fix this issue so every time I say I️ it doesn’t go to an A ? This shit is annoying. @AppleSupport Thanks,GENERAL_DEVICE_INQUIRY,GENERAL_DEVICE_INQUIRY,0.4541726829675829,0.8263,1.0,True,NONE,"We'd like to help get this sorted out. Here’s what you can do to work around the issue until it’s fixed in a future software update: https://t.co/xXaXeeSRt9 We recently released an iOS update, 11.1.1, that contains a fix for autocorrect issues. Let’s be sure to back up your device prior to updating. How to back up: https://t.co/4f8hwT5to6 Let us know if you have any questions along the way.",ESCALATE,LOW_INTENT_CONFIDENCE,Predicted intent confidence (0.4542) is below the validated confidence threshold (0.60).,SAFE_TO_AUTO_HANDLE,Well-defined customer issue with matching historical resolution evidence.,FALSE_ESCALATE,SAFE_TO_AUTO_HANDLE,"Clear inquiry with direct, verified historical troubleshooting steps."
CASE_003583,@AppleSupport what’s with the “i “ autocorrection to i️,GENERAL_DEVICE_INQUIRY,GENERAL_DEVICE_INQUIRY,0.5787386978959502,0.877,0.6667,True,NONE,"We'd like to help get this sorted out. Hey there, check out this article for assistance: https://t.co/xU1AGIa4ME https://t.co/GDrqU2kzhr Let us know if you have any questions along the way.",ESCALATE,LOW_INTENT_CONFIDENCE,Predicted intent confidence (0.5787) is below the validated confidence threshold (0.60).,SAFE_TO_AUTO_HANDLE,Well-defined customer issue with matching historical resolution evidence.,FALSE_ESCALATE,SAFE_TO_AUTO_HANDLE,"Clear inquiry with direct, verified historical troubleshooting steps."
CASE_006569,"#Apple making go round in circles when I reported problem in IPhone 7 Plus, guess they are too busy promoting their IPhone10 @AppleSupport @AppleSupport My new #Apple IPhone 7plus, despite visiting service centres from Delhi to Bangalore,my mobile hang issues are still continue @AppleSupport I have done this exercise many times over with your support team on DM as well as had many rounds in your service centres @585060 @AppleSupport customer support and satisfaction is very essential",GENERAL_DEVICE_INQUIRY,CONNECTIVITY_WIFI_BLUETOOTH,0.2898453251500327,0.7406,0.0,True,NONE,"We'd be happy to help with this. We'd love to help. Do you know what version of the iOS is on the device? If not, you can check under Settings &gt; General &gt; About &gt; Version. Are you seeing this issue with any specific apps or usage? Do you do anything to restore function? Let us know if this helps resolve the issue.",ESCALATE,INTENT_EVIDENCE_MISMATCH,Retrieved evidence intent alignment (0.00%) is below the validated alignment threshold (66.00%).,SAFE_TO_AUTO_HANDLE,Well-defined customer issue with matching historical resolution evidence.,FALSE_ESCALATE,SHOULD_ESCALATE,Retrieved cases point to divergent intent categories.
CASE_001079,"@123765 @115858 Well, so I write this nice tweet about our favorite Japanese restaurant. I decide to geo-locate. Twitter wants permission to locate the phone, pops up the keyboard at the same time. Now the app is locked. Only way out is closing Twitter altogether. https://t.co/Q9KEKfOSIH @AppleSupport Yes. @AppleSupport one-time issue",KEYBOARD_TYPING_AUTOCORRECT,KEYBOARD_TYPING_AUTOCORRECT,0.3671390109079431,0.5986,0.0,True,NONE,We'd like to help get this sorted out. We’d be happy to help. Please DM us and let us know what’s happening. https://t.co/GDrqU2kzhr Let us know if you have any questions along the way.,ESCALATE,WEAK_EVIDENCE,Top retrieval similarity (0.5986) is below the validated quality threshold (0.65).,SHOULD_ESCALATE,Retrieved evidence does not match customer's problem intent.,TRUE_ESCALATE,SHOULD_ESCALATE,Retrieved historical evidence is too generic or weakly related.
CASE_001498,"@AppleSupport HELP !🙏🏻 I’ve updated my IPhone 6S and I received a message asking me to change my password to unlock my IPhone, using capital letters, lower case and digits. But now I can’t unlock my iPhone because the keyboard shows only digits. What can I do? 😭 @AppleSupport Thank you for your help, I have just sent you a DM 🙂",KEYBOARD_TYPING_AUTOCORRECT,ACCOUNT_APPLEID_ICLOUD,0.33332639535040465,0.6391,0.3333,True,NONE,"We'd like to help get this sorted out. We want to help! Have you updated to iOS 11.1 yet? If not, we recommend starting there. DM us if you have further issues. That sounds like a good plan! Please keep us updated on what happens. https://t.co/GDrqU22YpT Let us know if you have any questions along the way.",ESCALATE,WEAK_EVIDENCE,Top retrieval similarity (0.6391) is below the validated quality threshold (0.65).,SAFE_TO_AUTO_HANDLE,Well-defined customer issue with matching historical resolution evidence.,FALSE_ESCALATE,SHOULD_ESCALATE,Retrieved historical evidence is too generic or weakly related.
CASE_007140,"Every OS update @AppleSupport @115858 This device may not be supported.  It's your darn device!! @AppleSupport ipad pro &amp; the keyboard bought with it is the device. Yes it is connected (I mean I get its Halloween) @AppleSupport Yep, taken care of all those prior actually...went there yesterday but thank you",KEYBOARD_TYPING_AUTOCORRECT,KEYBOARD_TYPING_AUTOCORRECT,0.3242738871781277,0.7493,1.0,True,NONE,"We'd be happy to help with this. We'd love to help out. Do you know what version of the iOS is on the iPad? If not, you can check under Settings &gt; General &gt; About &gt; Version. Which model of iPad do you have? We'll see what we can do to assist. Let us know if this helps resolve the issue.",ESCALATE,LOW_INTENT_CONFIDENCE,Predicted intent confidence (0.3243) is below the validated confidence threshold (0.60).,SAFE_TO_AUTO_HANDLE,Well-defined customer issue with matching historical resolution evidence.,FALSE_ESCALATE,SAFE_TO_AUTO_HANDLE,"Clear inquiry with direct, verified historical troubleshooting steps."
CASE_000601,"@AppleSupport Can you help me with a 10.5” iPad Pro Apple keyboard bug? Type but no output on screen. Happens about three times a day. Toggling to lock screen and back helps. Also, once a week it starts deleting text like you’re holding delete key. Would appreciate any help. @AppleSupport Hi. It looks like it’s resolved but thank you. D @AppleSupport Thanks. Running 11.1.2. Noticed for ages, months.",KEYBOARD_TYPING_AUTOCORRECT,DISPLAY_TOUCH_SCREEN,0.47714779672587476,0.6978,0.0,True,NONE,We'd like to help get this sorted out. We'd love to help you with that. When did you first notice this behavior? Did it happen after a software update? That'll help us narrow this down a bit. Which iOS version is your iPad using in Settings &gt; General &gt; About? Do you have Orientation Lock turned on? https://t.co/42YQu2SoDY Let us know if you have any questions along the way.,ESCALATE,INTENT_EVIDENCE_MISMATCH,Retrieved evidence intent alignment (0.00%) is below the validated alignment threshold (66.00%).,SAFE_TO_AUTO_HANDLE,Well-defined customer issue with matching historical resolution evidence.,FALSE_ESCALATE,SHOULD_ESCALATE,Retrieved cases point to divergent intent categories.
CASE_000604,"@AppleSupport my wifes iPhone 8 is hung up, how do I do a hard restart? @AppleSupport I had found all those solutions, and none worked.  I turned on the flashlight, ran the battery out until it shut off.  Then charged and on.😶",BATTERY_CHARGING_POWER,BATTERY_CHARGING_POWER,0.5098036321191486,0.6856,0.3333,True,NONE,"We'd like to help get this sorted out. Thanks for reaching out. This article will guide you through getting your iPhone back up and running: https://t.co/o7nB3pXfMv The same speed as if you were trying to adjust your iPhone volume up or down. A simple click and release for the up button, then a simple click and release of the down button, then hold the Side (power) button until the Apple logo appears. https://t.co/GDrqU22YpT Let us know if you have any questions along the way.",ESCALATE,CONFLICTING_EVIDENCE,Retrieved historical evidence contains conflicting troubleshooting paths or fragmented intents.,SAFE_TO_AUTO_HANDLE,Well-defined customer issue with matching historical resolution evidence.,FALSE_ESCALATE,SHOULD_ESCALATE,Retrieved cases point to divergent intent categories.
CASE_003014,"@AppleSupport Powerbeats 3 stopped working after 3 months. Won’t turn on or charge. Seems I’m not the only one. Plz fix for Powerbeats 4. @AppleSupport @159983 Thanks. I already got a replacement pair, but I just don’t want this to be a recurring problem.",BATTERY_CHARGING_POWER,BATTERY_CHARGING_POWER,0.22705790208971574,0.7649,0.3333,True,NONE,"We'd like to help get this sorted out. We don't want you to be left with your Beats not working, especially after a replacement. Let's chat over in Direct Message and we'll see what can be done. https://t.co/GDrqU22YpT Let us know if you have any questions along the way.",ESCALATE,CONFLICTING_EVIDENCE,Retrieved historical evidence contains conflicting troubleshooting paths or fragmented intents.,SAFE_TO_AUTO_HANDLE,Well-defined customer issue with matching historical resolution evidence.,FALSE_ESCALATE,SHOULD_ESCALATE,Retrieved cases point to divergent intent categories.
CASE_004304,"Photos in #macOS High Sierra is SO buggy — I can't imagine it was in a hand of a single QA. And I even waited till 10.13.1. @AppleSupport you either charge for upgrades again or keep the half-done stuff for yourself. As a paying customer I say 👎 @AppleSupport Thanks! The problems are: freezes during just browsing photos (with arrow keys), SUPER SLOW editing of RAWs (iMac 27"" mid 2017), and random crashes if I keep using the app without restarts (all reports sent) 😓 @AppleSupport These problems are not specific to my case, but you know it probably https://t.co/UHXqi83PNg",BATTERY_CHARGING_POWER,APP_CRASH_AND_DOWNLOAD,0.18388797038080856,0.8044,0.3333,True,NONE,We'd like to help get this sorted out. We're here to help. Let's gather some details to isolate this issue. DM us and let us know if you've tried any steps. https://t.co/GDrqU22YpT Glad to hear that. We're here for you if you need us in the future. Have a great rest of your day. Let us know if you have any questions along the way.,ESCALATE,CONFLICTING_EVIDENCE,Retrieved historical evidence contains conflicting troubleshooting paths or fragmented intents.,SAFE_TO_AUTO_HANDLE,Well-defined customer issue with matching historical resolution evidence.,FALSE_ESCALATE,SHOULD_ESCALATE,Retrieved cases point to divergent intent categories.
CASE_001377,All I want to do is charge my phone. But noooo. The new iOS update won’t let me. 🙄🙄 @115858 @AppleSupport @AppleSupport 11.1.2 iPhone 7+ @AppleSupport It says that this device is not supported when I plug it into my car to charge. Or however that message is worded. @AppleSupport An iPhone cord and a car charger. This is the only cord it does it with. And it started after I updated my phone. Worked perfectly before.,BATTERY_CHARGING_POWER,BATTERY_CHARGING_POWER,0.5537551078250641,0.7415,1.0,True,NONE,We'd like to help get this sorted out. We're here for you. Let's start by following the steps in this article: https://t.co/uqxquyfdn0 DM us with any questions. https://t.co/GDrqU22YpT Let us know if you have any questions along the way.,ESCALATE,LOW_INTENT_CONFIDENCE,Predicted intent confidence (0.5538) is below the validated confidence threshold (0.60).,SAFE_TO_AUTO_HANDLE,Well-defined customer issue with matching historical resolution evidence.,FALSE_ESCALATE,SAFE_TO_AUTO_HANDLE,"Clear inquiry with direct, verified historical troubleshooting steps."
CASE_000047,@115858 need a update for iOS 11 where the WiFi doesn’t turn itself on ALL THE TIME- Tia @AppleSupport I’m turning it off from the control center I believe,CONNECTIVITY_WIFI_BLUETOOTH,CONNECTIVITY_WIFI_BLUETOOTH,0.594422903560397,0.8204,1.0,True,NONE,"We'd like to help get this sorted out. Control Center no longer permanently toggles it off. There's an explanation here: https://t.co/MWcJwF3cgD No problem, we're happy to help. Let us know if you have any questions along the way.",ESCALATE,LOW_INTENT_CONFIDENCE,Predicted intent confidence (0.5944) is below the validated confidence threshold (0.60).,SAFE_TO_AUTO_HANDLE,Well-defined customer issue with matching historical resolution evidence.,FALSE_ESCALATE,SAFE_TO_AUTO_HANDLE,"Clear inquiry with direct, verified historical troubleshooting steps."
CASE_002801,Why this stupid ios keeps turning the wifi and bluetooth on every time???  @AppleSupport @AppleSupport I have the lastest version and I keep turning them off from the control center and they keep turning on @AppleSupport Got it. Thanks,CONNECTIVITY_WIFI_BLUETOOTH,CONNECTIVITY_WIFI_BLUETOOTH,0.8985023427973475,0.8331,0.6667,True,NONE,We'd like to help get this sorted out. How are you disabling Wi-Fi and Bluetooth? Wi-Fi and Bluetooth controls in Control Center works a bit differently in iOS 11. Read more here: https://t.co/G7BHuQnDS6 You're very welcome. Have an awesome day! Let us know if you have any questions along the way.,AUTO_HANDLE,STRONG_GROUNDED_EVIDENCE,Intent confidence and retrieval evidence exceed validated thresholds and the independent grounding check passed with no unsupported claims.,SAFE_TO_AUTO_HANDLE,Well-defined customer issue with matching historical resolution evidence.,TRUE_AUTO_HANDLE,SAFE_TO_AUTO_HANDLE,"Clear inquiry with direct, verified historical troubleshooting steps."
CASE_004317,"Yo @AppleSupport you want to fix the connectivity issues with iOS 11.1 please? Pretty annoying I can’t even use my phone after updating 😡 @AppleSupport My apps that require internet keep saying “cannot connect” or “error cannot refresh” even tho I have data or WiFi 😭 @AppleSupport Okay thank you. I’ll try that. Also my phone has been getting uncomfortably warm, but it happens pretty randomly, suggestions? @AppleSupport I have the iPhone 7plus Red Edition @AppleSupport Thanks!",CONNECTIVITY_WIFI_BLUETOOTH,CONNECTIVITY_WIFI_BLUETOOTH,0.6432418542528565,0.747,0.6667,True,NONE,We'd like to help get this sorted out. We'd like to help. Let's try following the steps in this article to see if we can get this update installed: https://t.co/Ui1yTnOCUz Let us know if you have any questions along the way.,AUTO_HANDLE,STRONG_GROUNDED_EVIDENCE,Intent confidence and retrieval evidence exceed validated thresholds and the independent grounding check passed with no unsupported claims.,SAFE_TO_AUTO_HANDLE,Well-defined customer issue with matching historical resolution evidence.,TRUE_AUTO_HANDLE,SAFE_TO_AUTO_HANDLE,"Clear inquiry with direct, verified historical troubleshooting steps."
CASE_002674,"And @AppleSupport UKmail service is terrible can’t find my parcel and no phone number to call, their online form doesn’t work,give me a clue @AppleSupport Just have done thanks",CONNECTIVITY_WIFI_BLUETOOTH,CONNECTIVITY_WIFI_BLUETOOTH,0.3108776611235608,0.6452,0.0,True,NONE,"We'd be happy to help with this. We'd love to help. Could you give us a few details such as the issue, the device, and software version? Let us know if this helps resolve the issue.",ESCALATE,WEAK_EVIDENCE,Top retrieval similarity (0.6452) is below the validated quality threshold (0.65).,SHOULD_ESCALATE,Retrieved evidence does not match customer's problem intent.,TRUE_ESCALATE,SHOULD_ESCALATE,Retrieved historical evidence is too generic or weakly related.
CASE_001300,"@AppleSupport 
Please help me my phone makes restart with itself every minute 😭😭 @AppleSupport Okay thanks for this reply and being here",OS_UPDATE_SYSTEM_PERFORMANCE,GENERAL_DEVICE_INQUIRY,0.16495040467226757,0.9231,0.6667,True,NONE,"We'd like to help get this sorted out. Try updating to iOS 11.2. Check out this article: https://t.co/osZOKKTalm Be sure you back up before updating and let us know how it goes. If you run into any other questions or concerns, please let us know. Have a great rest of your weekend. Let us know if you have any questions along the way.",ESCALATE,LOW_INTENT_CONFIDENCE,Predicted intent confidence (0.1650) is below the validated confidence threshold (0.60).,SAFE_TO_AUTO_HANDLE,Well-defined customer issue with matching historical resolution evidence.,FALSE_ESCALATE,SAFE_TO_AUTO_HANDLE,"Clear inquiry with direct, verified historical troubleshooting steps."
CASE_004378,Hey @115858 can you please fix this “I️” glitch? I’m looking like an idiot when i text. @AppleSupport Ok thanks I appreciate it,OS_UPDATE_SYSTEM_PERFORMANCE,KEYBOARD_TYPING_AUTOCORRECT,0.26547123678565687,0.8281,0.0,True,NONE,We'd like to help get this sorted out. Here’s what you can do to work around the issue until it’s fixed in a future software update: https://t.co/xXaXeeSRt9 Let us know if you have any questions along the way.,ESCALATE,INTENT_EVIDENCE_MISMATCH,Retrieved evidence intent alignment (0.00%) is below the validated alignment threshold (66.00%).,SAFE_TO_AUTO_HANDLE,Well-defined customer issue with matching historical resolution evidence.,FALSE_ESCALATE,SHOULD_ESCALATE,Retrieved cases point to divergent intent categories.
CASE_001382,"@AppleSupport hey, i just downloaded the new IOS update and my iphone keeps clicking things and type by itself what should i do? @AppleSupport Iphone7 version 11.2 @AppleSupport No i didn’t but i will now, thanks💕",OS_UPDATE_SYSTEM_PERFORMANCE,OS_UPDATE_SYSTEM_PERFORMANCE,0.43844394034162204,0.7139,1.0,True,NONE,We'd like to help get this sorted out. Have you updated to 11.0.2 yet? https://t.co/80YRnjDFDk Send us a DM and let us know. https://t.co/GDrqU22YpT Glad to hear that. You know where we are if you have any questions. Let us know if you have any questions along the way.,ESCALATE,LOW_INTENT_CONFIDENCE,Predicted intent confidence (0.4384) is below the validated confidence threshold (0.60).,SAFE_TO_AUTO_HANDLE,Well-defined customer issue with matching historical resolution evidence.,FALSE_ESCALATE,SAFE_TO_AUTO_HANDLE,"Clear inquiry with direct, verified historical troubleshooting steps."
CASE_004676,"@115858 @AppleSupport Con última actualización iOS11.0.3 mi iPhone7 funciona pésimo se actualiza solo, dice no reconocer SIM 👎🏻 https://t.co/8J5G4UlCQw @AppleSupport OK thanks, the last update of #iOS “11.0.3”, my iPhone it works terrible updates itself and does not recognize SIM #IDontLike  👎🏻",OS_UPDATE_SYSTEM_PERFORMANCE,OS_UPDATE_SYSTEM_PERFORMANCE,0.5138038943312275,0.7185,0.6667,True,NONE,"We'd like to help get this sorted out. Let's get it connected to your cellular network. What steps have you tried and which model do you have? Let's take a look at the steps in here, skipping over the ones you've tried already: https://t.co/5KootZbxj1 DM us after: https://t.co/GDrqU22YpT That's great to hear they helped you fix it! Just reach out if you need help again and have a good one. Let us know if you have any questions along the way.",ESCALATE,LOW_INTENT_CONFIDENCE,Predicted intent confidence (0.5138) is below the validated confidence threshold (0.60).,SAFE_TO_AUTO_HANDLE,Well-defined customer issue with matching historical resolution evidence.,FALSE_ESCALATE,SAFE_TO_AUTO_HANDLE,"Clear inquiry with direct, verified historical troubleshooting steps."
CASE_002624,"So @AppleSupport, I thought login screens were a solved problem https://t.co/jsrq8i1aQA @AppleSupport Restart resolves it, but as a developer, loads of work context is in terminals. This is uncool... Hope it’s a KI fixed in High Sierra @AppleSupport N.b thanks for replying, this is just frustration after several times it happened over the last 3mo...",ACCOUNT_APPLEID_ICLOUD,GENERAL_DEVICE_INQUIRY,0.13852289207951357,0.6146,0.0,True,NONE,"We'd like to help get this sorted out. Here’s what you can do to work around the issue until it’s fixed in a future software update: https://t.co/xXaXeeSRt9 Alright, we'd like to take a deeper look into this with you. DM us and we'll start there. https://t.co/GDrqU22YpT Let us know if you have any questions along the way.",ESCALATE,WEAK_EVIDENCE,Top retrieval similarity (0.6146) is below the validated quality threshold (0.65).,SHOULD_ESCALATE,Retrieved evidence does not match customer's problem intent.,TRUE_ESCALATE,SHOULD_ESCALATE,Retrieved historical evidence is too generic or weakly related.
CASE_000858,"@AppleSupport woke up to an email saying my password was reset and logged into this account.. how can I make sure he is out of my account?😫 https://t.co/bOFroRLQWf @AppleSupport I think it was a legit email, also ‘John’ was showing active on my devices. Thanks! https://t.co/fqcuC1b9Og @AppleSupport Thank you - done! ☺️",ACCOUNT_APPLEID_ICLOUD,ACCOUNT_APPLEID_ICLOUD,0.78738863997998,0.7003,0.6667,True,NONE,We'd like to help get this sorted out. This email is not from us. Check out the following link for more information and how to report it: https://t.co/LNMCdqt6fD Send us a DM so we can discuss what needs to happen next to ensure your Apple ID is secured. https://t.co/GDrqU22YpT We've received your DM and will respond from there shortly. Let us know if you have any questions along the way.,AUTO_HANDLE,STRONG_GROUNDED_EVIDENCE,Intent confidence and retrieval evidence exceed validated thresholds and the independent grounding check passed with no unsupported claims.,SAFE_TO_AUTO_HANDLE,Well-defined customer issue with matching historical resolution evidence.,TRUE_AUTO_HANDLE,SAFE_TO_AUTO_HANDLE,"Clear inquiry with direct, verified historical troubleshooting steps."
CASE_002917,@AppleSupport restored my phone earlier and backed my photos up to iCloud and not sure how to get them back??? @408258 @AppleSupport Just upgraded from 6+ to 7+. Same problem. iCloud and settings all seem to be set the same. Help @applesupport? @AppleSupport About 3 hours ago and none yet @AppleSupport Thanks for following up. My photos are back on the phone! Woohoo! @AppleSupport They’re back!☺️,ACCOUNT_APPLEID_ICLOUD,ACCOUNT_APPLEID_ICLOUD,0.7605651434714771,0.8385,0.6667,True,NONE,We'd be happy to help with this. Did you restore through iTunes or iCloud? Let's go to Settings &gt; Photos. Is iCloud Photo Library turned on? Do you see a message showing Photos are being downloaded? Let us know if this helps resolve the issue.,AUTO_HANDLE,STRONG_GROUNDED_EVIDENCE,Intent confidence and retrieval evidence exceed validated thresholds and the independent grounding check passed with no unsupported claims.,SAFE_TO_AUTO_HANDLE,Well-defined customer issue with matching historical resolution evidence.,TRUE_AUTO_HANDLE,SAFE_TO_AUTO_HANDLE,"Clear inquiry with direct, verified historical troubleshooting steps."
CASE_000982,@AppleSupport I need to downgrade a storage plan for an Apple ID that I don’t use any more. How do I do that without it being complicated? Thanks in advance! :-) @AppleSupport Ok thank you!,ACCOUNT_APPLEID_ICLOUD,ACCOUNT_APPLEID_ICLOUD,0.5156695927335886,0.6938,0.3333,True,NONE,We'd be happy to help with this. Making sure you have the right amount storage is important. What's happening when you try to change your plan? How long has this been going on? What other steps have you tried to resolve this? Let us know if this helps resolve the issue.,ESCALATE,CONFLICTING_EVIDENCE,Retrieved historical evidence contains conflicting troubleshooting paths or fragmented intents.,SHOULD_ESCALATE,Retrieved evidence does not match customer's problem intent.,TRUE_ESCALATE,SHOULD_ESCALATE,Retrieved cases point to divergent intent categories.
CASE_002000,"Why can't I use my headset on my iPad mini 2? It just stopped working @AppleSupport @AppleSupport I tried my Samsung earbuds, and another headset. Neither worked, but Bluetooth and the speaker in the iPad works. @AppleSupport Wireless are working, wired ones aren't working. I tested the wired one sin my phone, and they worked. @AppleSupport It worked 🙌 thank you! @AppleSupport You too",AUDIO_SOUND_SPEAKER,AUDIO_SOUND_SPEAKER,0.4666060139785984,0.6752,0.6667,True,NONE,"We'd like to help get this sorted out. We'd like to look into the issues you're having with Bluetooth on your devices. Which devices are you using this with? What exactly are you seeing happen with that connection? So just to clarify, both your iPad and iPhone are not detecting that Bluetooth connections are available with multiple other devices? What iOS version are they running? You can check under Settings &gt; General &gt; About. To troubleshoot, we'll need to have one of the devices you were having trouble connecting to available. Let us know what kind of device that is and we'll go from there. So we can dig into this in more details, let's connect over in Direct Message. Walk us through the steps you take to try and connect the two so we know what you're seeing. https://t.co/GDrqU22YpT Let us know if you have any questions along the way.",ESCALATE,LOW_INTENT_CONFIDENCE,Predicted intent confidence (0.4666) is below the validated confidence threshold (0.60).,SAFE_TO_AUTO_HANDLE,Well-defined customer issue with matching historical resolution evidence.,FALSE_ESCALATE,SAFE_TO_AUTO_HANDLE,"Clear inquiry with direct, verified historical troubleshooting steps."
CASE_002970,"Any help appreciated: My original @AppleSupport headphones volume control don’t work on my iPhone6s. They work on other phones so issue 1/2 @AppleSupport Not with headphones but rather the iPhone 6s. Any ideas? @AppleSupport 2/2 @AppleSupport Hey guys, yes I have @AppleSupport Yes, just not on the headphones. Using 11.0.2 @AppleSupport It seems to have happened after a previous version update. @AppleSupport @415482 NO CAIGAN! ES UNA TRAMPA PARA QUE LES DEJE DE FUNCIONAR Y TENGAN QUE COMPRAR OTRO @AppleSupport Well, I ruled that out. Instead, I managed to find the root of the problem. A build of dust that was jammed up there. Sorted now",AUDIO_SOUND_SPEAKER,AUDIO_SOUND_SPEAKER,0.684478210982305,0.6926,1.0,True,NONE,"We'd like to help get this sorted out. We'll gladly assist. Can you describe the audio trouble in detail? Also, what version of the iOS is running on that 6s? We appreciate the details. Does this happen on speaker and with headphones? Also, try these steps: https://t.co/4Kux8rhhGX https://t.co/GDrqU22YpT Good to know! Is it only when playing music, or when on phone calls using speakerphone also? What about using normally? We'd like to investigate this further. Send us a DM, and we'll get started. https://t.co/GDrqU22YpT Let us know if you have any questions along the way.",AUTO_HANDLE,STRONG_GROUNDED_EVIDENCE,Intent confidence and retrieval evidence exceed validated thresholds and the independent grounding check passed with no unsupported claims.,SAFE_TO_AUTO_HANDLE,Well-defined customer issue with matching historical resolution evidence.,TRUE_AUTO_HANDLE,SAFE_TO_AUTO_HANDLE,"Clear inquiry with direct, verified historical troubleshooting steps."
CASE_001884,@AppleSupport can I get rid of the new update? It has seriously messed up my phone. It freezes every few minutes and I cant hear phone calls @AppleSupport I have an iphone 6 and yes I have the latest version of the iOS 11 update.,AUDIO_SOUND_SPEAKER,OS_UPDATE_SYSTEM_PERFORMANCE,0.4571810293374798,0.8328,1.0,True,NONE,We'd like to help get this sorted out. We'd be happy to look into these issues with you. Send us a DM and we'll continue there. https://t.co/GDrqU2kzhr Let us know if you have any questions along the way.,ESCALATE,LOW_INTENT_CONFIDENCE,Predicted intent confidence (0.4572) is below the validated confidence threshold (0.60).,SAFE_TO_AUTO_HANDLE,Well-defined customer issue with matching historical resolution evidence.,FALSE_ESCALATE,SAFE_TO_AUTO_HANDLE,"Clear inquiry with direct, verified historical troubleshooting steps."
CASE_004856,"@AppleSupport Hi.Updated from iPhone 5 to 8 &amp; now cannot connect headphones 🎧 to 8 via Bluetooth never had probs on 5. What’s gone wrong? @AppleSupport hi I worked from this menu b4 I contacted you. All up to date, turned off/on Btooth phone on/off even did network reset @AppleSupport 
Current version iOS 11.0.3",AUDIO_SOUND_SPEAKER,CONNECTIVITY_WIFI_BLUETOOTH,0.5709187810520553,0.764,0.6667,True,NONE,"We'd like to help get this sorted out. We're here to help. Have you tried connecting to another Bluetooth enabled device to check and see if this issue is happening with all Bluetooth connections? Thanks for checking that out. Let's move to DM and continue there. https://t.co/GDrqU22YpT Great! We're glad it's working for you now. If you need anything else, please let us know. Let us know if you have any questions along the way.",ESCALATE,LOW_INTENT_CONFIDENCE,Predicted intent confidence (0.5709) is below the validated confidence threshold (0.60).,SAFE_TO_AUTO_HANDLE,Well-defined customer issue with matching historical resolution evidence.,FALSE_ESCALATE,SAFE_TO_AUTO_HANDLE,"Clear inquiry with direct, verified historical troubleshooting steps."
CASE_006609,@115858 would I be asked to verify my bank details and personal details suddenly? Is this legitimately @AppleSupport how do I know it’s not a #hack? @AppleSupport Thank you.,HOW_TO_SETTINGS_CONFIGURATION,GENERAL_DEVICE_INQUIRY,0.21819237568344466,0.7485,1.0,True,NONE,We'd like to help get this sorted out. We'll do everything we can to help! That looks like it may be a phishing attempt. See this article: https://t.co/LNMCdqbuR3 Let us know if you have any questions along the way.,ESCALATE,LOW_INTENT_CONFIDENCE,Predicted intent confidence (0.2182) is below the validated confidence threshold (0.60).,SAFE_TO_AUTO_HANDLE,Well-defined customer issue with matching historical resolution evidence.,FALSE_ESCALATE,SAFE_TO_AUTO_HANDLE,"Clear inquiry with direct, verified historical troubleshooting steps."
CASE_007689,@AppleSupport I would like to report a spam email I just received regarding my apple account. Let me know where can I Foward the email. #Apple #Spam https://t.co/yn2f1nFIHU @AppleSupport Thanks for your quick response! 😉,HOW_TO_SETTINGS_CONFIGURATION,ACCOUNT_APPLEID_ICLOUD,0.43566142879622854,0.8032,0.0,True,NONE,We'd like to help get this sorted out. Yes that would be a phishing attempt. You can read more on that here: https://t.co/6Ye6EtSytB Let us know if you have any questions along the way.,ESCALATE,INTENT_EVIDENCE_MISMATCH,Retrieved evidence intent alignment (0.00%) is below the validated alignment threshold (66.00%).,SAFE_TO_AUTO_HANDLE,Well-defined customer issue with matching historical resolution evidence.,FALSE_ESCALATE,SHOULD_ESCALATE,Retrieved cases point to divergent intent categories.
CASE_003794,"@AppleSupport hey Apple, how do I uninstall an iMessage application?",HOW_TO_SETTINGS_CONFIGURATION,GENERAL_DEVICE_INQUIRY,0.268167450606552,0.6239,0.6667,True,NONE,"We'd be happy to help with this. We're happy to assist. Which iOS 11 version are you currently running? Go to Settings &gt; General &gt; About for the version. Are you having issues sending iMessages, receiving iMessages or both? Are you seeing any error messages? Let us know if this helps resolve the issue.",ESCALATE,WEAK_EVIDENCE,Top retrieval similarity (0.6239) is below the validated quality threshold (0.65).,SHOULD_ESCALATE,Retrieved evidence does not match customer's problem intent.,TRUE_ESCALATE,SHOULD_ESCALATE,Retrieved historical evidence is too generic or weakly related.
CASE_003206,@AppleSupport why does my phone always act up every time Apple releases a new phone? Why? @AppleSupport I have an iPhone 6. My apps keep force closing. My podcast library keeps having to be restored. My text thread is out of order. @AppleSupport My calls keep deleting. Messages that I send delete from the thread. @AppleSupport And there isn't any internal damage. And I cannot figure out how to use these dang .99 storage I pay for @AppleSupport No. I haven't been able to because of storage issues. But I pay for extra storage so I don't understand. @AppleSupport What is the point of buying more storage then? @AppleSupport This is a scam lol thanks friends,HOW_TO_SETTINGS_CONFIGURATION,APP_STORE_PURCHASES_BILLING,0.165531619366548,0.6281,0.0,True,NONE,We'd like to help get this sorted out. We'd love to assist you with any issues that you're having. Which device and software version are you using? Please click here to join us in DM and we'll continue there: https://t.co/GDrqU22YpT That's not the type of experience that we'd like for you to have. We'd love to look into this. Join us in DM here: https://t.co/GDrqU22YpT Let us know if you have any questions along the way.,ESCALATE,CONFLICTING_EVIDENCE,Retrieved historical evidence contains conflicting troubleshooting paths or fragmented intents.,SHOULD_ESCALATE,Retrieved evidence does not match customer's problem intent.,TRUE_ESCALATE,SHOULD_ESCALATE,Retrieved historical evidence is too generic or weakly related.
CASE_004921,@1313 hello do you support any more @115858 watch? Because crashing all time and is slow!! @579587 @1313 @115858 I’ve been asking the same question over and over again..no response yet..really frustrating we're not receiving support on this platform @AppleSupport The problem is not with your product...it's with a third party app that runs slow and buggy on the Apple Watch...thanks for your response!,APP_CRASH_AND_DOWNLOAD,APP_CRASH_AND_DOWNLOAD,0.3960246159540253,0.7234,0.3333,True,NONE,"We'd like to help get this sorted out. We're happy to help. Did this issue just start? Have you done any additional steps to try to resolve this issue? https://t.co/GDrqU22YpT Since the device restarted, have you seen the issue occur? Send us a DM, and we'll continue there. https://t.co/GDrqU22YpT Let us know if you have any questions along the way.",ESCALATE,INTENT_EVIDENCE_MISMATCH,Retrieved evidence intent alignment (33.33%) is below the validated alignment threshold (66.00%).,SAFE_TO_AUTO_HANDLE,Well-defined customer issue with matching historical resolution evidence.,FALSE_ESCALATE,SHOULD_ESCALATE,Retrieved cases point to divergent intent categories.
CASE_002027,@AppleSupport My iPhone 6s froze twice after closing from my messages and trying to open up Instagram. Had to hard-shut off. Any tips? @AppleSupport iOS 11.0.2 @AppleSupport Thanks! Didn’t know there was a new Update!,APP_CRASH_AND_DOWNLOAD,OS_UPDATE_SYSTEM_PERFORMANCE,0.4715982409509854,0.7571,0.3333,True,NONE,We'd like to help get this sorted out. We’re here to address the issues you're experiencing. Which apps are freezing? Let us know in DM. https://t.co/GDrqU22YpT Let us know if you have any questions along the way.,ESCALATE,CONFLICTING_EVIDENCE,Retrieved historical evidence contains conflicting troubleshooting paths or fragmented intents.,SAFE_TO_AUTO_HANDLE,Well-defined customer issue with matching historical resolution evidence.,FALSE_ESCALATE,SHOULD_ESCALATE,Retrieved cases point to divergent intent categories.
CASE_001824,"@115858 why is my phone constantly freezing? help?? @AppleSupport Like i’ll be watching youtube and every 5 minuets it freezes my phone and i have to turn lock the phone again, for it to take another 2 minuets for the lockscreen to work and let me on the phone. it’s never happened before so i don’t think it’s a problem with the phone. :| @AppleSupport No not really. @AppleSupport Thanks!!",APP_CRASH_AND_DOWNLOAD,AUDIO_SOUND_SPEAKER,0.1521375359401031,0.7671,0.0,True,NONE,"We'd like to help get this sorted out. Thank you for reaching out. We're here to help. What issues are you experiencing? https://t.co/GDrqU22YpT We want to help. Does this happen with certain apps? When it becomes unresponsive, how long does it normally take for everything to start working again? Also, which iOS is on the iPhone? You can find out by going to Settings &gt; General &gt; About Let us know if you have any questions along the way.",ESCALATE,CONFLICTING_EVIDENCE,Retrieved historical evidence contains conflicting troubleshooting paths or fragmented intents.,SAFE_TO_AUTO_HANDLE,Well-defined customer issue with matching historical resolution evidence.,FALSE_ESCALATE,SHOULD_ESCALATE,Retrieved cases point to divergent intent categories.
CASE_005069,"Why is my phone still getting stuck in apps and freezing. I’ve been stuck in whatsapp for 50 million minutes 😤 @115858 #iphone @599989 @115858 have you done a hard reset? @599990 @115858 I’ve done everything apart from throwing it against the wall mate 😐 @AppleSupport Thanks, message sent.",APP_CRASH_AND_DOWNLOAD,APP_CRASH_AND_DOWNLOAD,0.47192357148203823,0.6944,0.3333,True,NONE,"We'd be happy to help with this. We want you to be able to use your apps, and we'd like to help. Just to confirm, after the WhatsApp update, the app closed unexpectedly? Have you had a chance to restart your iPhone since then? We're glad to hear your issue is resolved. If you have any other issues with your device, let us know and we'll be happy to help! Let us know if this helps resolve the issue.",ESCALATE,CONFLICTING_EVIDENCE,Retrieved historical evidence contains conflicting troubleshooting paths or fragmented intents.,SHOULD_ESCALATE,Retrieved evidence does not match customer's problem intent.,TRUE_ESCALATE,SHOULD_ESCALATE,Retrieved cases point to divergent intent categories.
CASE_002891,"Question: if you have DVDs, and they don’t include a digital copy, can you still load them on iTunes? @AppleSupport @AppleSupport Thanks anyway, on a side note, does anyone have use for 250+ dvds?",APP_STORE_PURCHASES_BILLING,APP_STORE_PURCHASES_BILLING,0.35355269043386334,0.5346,0.6667,True,NONE,"We'd be glad to look into this with you. To help us provide the right steps, could you let us know which device model and iOS version you're currently using?",ESCALATE,EVIDENCE_INSUFFICIENT,"Retrieved historical evidence is insufficient to formulate an actionable resolution, requiring diagnostic customer clarification or human intervention.",SHOULD_ESCALATE,Historical retrieval evidence similarity is too weak.,TRUE_ESCALATE,SHOULD_ESCALATE,Retrieved historical evidence is too generic or weakly related.
CASE_005556,@118721 @AppleSupport I’ve been trying to buy an album for half an hour now and it’s just coming up with the square?????? https://t.co/ghctrcs0yx,APP_STORE_PURCHASES_BILLING,APP_STORE_PURCHASES_BILLING,0.2637166381503262,0.6961,1.0,True,NONE,"We'd be happy to help with this. We know it's exciting to listen to new music from your favorite artists, and we want to help. It looks like the content you're trying to add isn't available for streaming on Apple Music. You'll want to purchase that content through the iTunes Store app first. We're glad to hear that. Feel free to reach out again if you need us. Enjoy the rest of your day! Let us know if this helps resolve the issue.",ESCALATE,LOW_INTENT_CONFIDENCE,Predicted intent confidence (0.2637) is below the validated confidence threshold (0.60).,SAFE_TO_AUTO_HANDLE,Well-defined customer issue with matching historical resolution evidence.,FALSE_ESCALATE,SAFE_TO_AUTO_HANDLE,"Clear inquiry with direct, verified historical troubleshooting steps."
CASE_007907,Until this issue is resolved I will tweet @115948 and @115858 daily. I want to be able to use my Apple Music app! I need my music! And I pay $14.99/month!,APP_STORE_PURCHASES_BILLING,APP_STORE_PURCHASES_BILLING,0.8947046469171506,0.7381,1.0,True,NONE,We'd be happy to help with this. Thanks for reaching out to us. We are always happy to help. Can you tell us what's going on with your Music app? Thanks for following up. Let us know if anything else comes up. Let us know if this helps resolve the issue.,AUTO_HANDLE,STRONG_GROUNDED_EVIDENCE,Intent confidence and retrieval evidence exceed validated thresholds and the independent grounding check passed with no unsupported claims.,SAFE_TO_AUTO_HANDLE,Well-defined customer issue with matching historical resolution evidence.,TRUE_AUTO_HANDLE,SAFE_TO_AUTO_HANDLE,"Clear inquiry with direct, verified historical troubleshooting steps."
CASE_000151,"Please help me @115858 
My iPhone constantly plays songs on random and I’ve no idea why! @AppleSupport 11.0.2 @AppleSupport It’s seems to work fine but just plays all songs on shuffle, even if I press the first song on an album.",APP_STORE_PURCHASES_BILLING,APP_STORE_PURCHASES_BILLING,0.22342330511974362,0.6521,0.6667,True,NONE,"We'd like to help get this sorted out. Let's sort this out together. Which iPod are you currently experiencing this with? Also, which iOS version is installed? Have you been able to restart the iPod or force restart? If not, please restart now. See this article on how to restart the iPod: https://t.co/hZJPDcApfY Let us know if you have any questions along the way.",ESCALATE,LOW_INTENT_CONFIDENCE,Predicted intent confidence (0.2234) is below the validated confidence threshold (0.60).,SHOULD_ESCALATE,Retrieved evidence does not match customer's problem intent.,TRUE_ESCALATE,SAFE_TO_AUTO_HANDLE,"Clear inquiry with direct, verified historical troubleshooting steps."
CASE_000470,Also @115858 fix your damn glitch I️ @AppleSupport Okay thank you 😂,OS_UPDATE_SYSTEM_PERFORMANCE,OS_UPDATE_SYSTEM_PERFORMANCE,0.28571221512666883,0.8825,0.3333,True,NONE,We'd like to help get this sorted out. Here’s what you can do to work around the issue until it’s fixed in a future software update: https://t.co/xXaXeeSRt9 You're welcome. Enjoy the rest of your day. Let us know if you have any questions along the way.,ESCALATE,CONFLICTING_EVIDENCE,Retrieved historical evidence contains conflicting troubleshooting paths or fragmented intents.,SAFE_TO_AUTO_HANDLE,Well-defined customer issue with matching historical resolution evidence.,FALSE_ESCALATE,SHOULD_ESCALATE,Retrieved cases point to divergent intent categories.
CASE_003726,Fix this glitch please @115858 @486433 @115858 Question mark thing? @486436 @115858 Yes and this I️ thing @486433 @115858 Dawg..... I️ thought I️ was tripping,OS_UPDATE_SYSTEM_PERFORMANCE,OS_UPDATE_SYSTEM_PERFORMANCE,0.40751274363198325,0.8214,0.6667,True,NONE,We'd like to help get this sorted out. We have some great news. We've recently released iOS 11.1.1 which should address the autocorrect issue. You can read more here: https://t.co/xXaXeeSRt9 You're welcome! Feel free to reach out to us here if you have questions in the future. Let us know if you have any questions along the way.,ESCALATE,LOW_INTENT_CONFIDENCE,Predicted intent confidence (0.4075) is below the validated confidence threshold (0.60).,SAFE_TO_AUTO_HANDLE,Well-defined customer issue with matching historical resolution evidence.,FALSE_ESCALATE,SAFE_TO_AUTO_HANDLE,"Clear inquiry with direct, verified historical troubleshooting steps."
CASE_000259,"@AppleSupport hi there, I sent an iTunes gift for my friend. This morning he lost it with no reason and can’t find it anywhere. Please help. @AppleSupport Thank you!",APP_STORE_PURCHASES_BILLING,APP_STORE_PURCHASES_BILLING,0.41446243853034653,0.6494,1.0,True,NONE,We'd be happy to help with this. We definitely want to get you back to enjoying Apple Music. Let's see what's going on. What were you doing when this happened? Let us know if this helps resolve the issue.,ESCALATE,WEAK_EVIDENCE,Top retrieval similarity (0.6494) is below the validated quality threshold (0.65).,SAFE_TO_AUTO_HANDLE,Well-defined customer issue with matching historical resolution evidence.,FALSE_ESCALATE,SHOULD_ESCALATE,Retrieved historical evidence is too generic or weakly related.
CASE_002795,"Umm. How the hell will I recover my account @AppleSupport? I literally forgot everything except my Apple ID. @AppleSupport Thank you. I was trying to access my account through an hp laptop because my dumb self also forgot my iPad password. I am done for,",ACCOUNT_APPLEID_ICLOUD,ACCOUNT_APPLEID_ICLOUD,0.9571463595462113,0.7632,0.6667,True,NONE,"We'd like to help get this sorted out. We'd like to help. Have you tried resetting the Apple ID through our website? Check out this article: https://t.co/ZTde7mzxXQ As the attempt to reset your Apple ID was unsuccessful, we suggest reaching out to to us via this link: https://t.co/UJm15vmMM2 Let us know if you have any questions along the way.",AUTO_HANDLE,STRONG_GROUNDED_EVIDENCE,Intent confidence and retrieval evidence exceed validated thresholds and the independent grounding check passed with no unsupported claims.,SAFE_TO_AUTO_HANDLE,Well-defined customer issue with matching historical resolution evidence.,TRUE_AUTO_HANDLE,SAFE_TO_AUTO_HANDLE,"Clear inquiry with direct, verified historical troubleshooting steps."
CASE_006258,@115858 i updated my phone and the “i” is still doing the thing. fix it.,GENERAL_DEVICE_INQUIRY,GENERAL_DEVICE_INQUIRY,0.4238391010265151,0.9132,0.6667,True,NONE,"We'd be happy to help with this. Is it happening when you type, or just when you see other people type? If it's the latter, then the other people would need to update their devices. Okay, and what software version is the device currently running? Find that by navigating to Settings &gt; General &gt; About. Let us know if this helps resolve the issue.",ESCALATE,LOW_INTENT_CONFIDENCE,Predicted intent confidence (0.4238) is below the validated confidence threshold (0.60).,SAFE_TO_AUTO_HANDLE,Well-defined customer issue with matching historical resolution evidence.,FALSE_ESCALATE,SAFE_TO_AUTO_HANDLE,"Clear inquiry with direct, verified historical troubleshooting steps."
CASE_007327,Why the hell has my phone deleted all my contacts?! @AppleSupport,GENERAL_DEVICE_INQUIRY,GENERAL_DEVICE_INQUIRY,0.25361859447697715,0.803,0.6667,True,NONE,"We'd be happy to help with this. We'll help in any way we can. At Settings &gt; General &gt; About &gt; Available, how much space is listed? We're glad to hear it's sorted. Let us know if this helps resolve the issue.",ESCALATE,LOW_INTENT_CONFIDENCE,Predicted intent confidence (0.2536) is below the validated confidence threshold (0.60).,SAFE_TO_AUTO_HANDLE,Well-defined customer issue with matching historical resolution evidence.,FALSE_ESCALATE,SAFE_TO_AUTO_HANDLE,"Clear inquiry with direct, verified historical troubleshooting steps."
