case_id,customer_message,true_intent,predicted_intent,intent_confidence,top_similarity,intent_alignment,grounding_pass,grounding_severity,draft_reply,decision,reason_code,reason,ground_truth_label,ground_truth_rationale,classification_type
CASE_002724,@AppleSupport is there a section in the phone where I can see the health of my battery?,BATTERY_CHARGING_POWER,BATTERY_CHARGING_POWER,0.9250054501888031,0.8245,1.0,True,NONE,"We'd like to help get this sorted out. If using iOS 10.2.1 or later, you can check in Settings &gt; Battery. The steps are seen here: https://t.co/YdSKlzWNuW Let us know if you have any questions along the way.",AUTO_HANDLE,STRONG_GROUNDED_EVIDENCE,Intent confidence and retrieval evidence exceed validated thresholds and the independent grounding check passed with no unsupported claims.,SAFE_TO_AUTO_HANDLE,Well-defined customer issue with matching historical resolution evidence.,TRUE_AUTO_HANDLE
CASE_002801,Why this stupid ios keeps turning the wifi and bluetooth on every time???  @AppleSupport @AppleSupport I have the lastest version and I keep turning them off from the control center and they keep turning on @AppleSupport Got it. Thanks,CONNECTIVITY_WIFI_BLUETOOTH,CONNECTIVITY_WIFI_BLUETOOTH,0.8985023427973475,0.8331,0.6667,True,NONE,We'd like to help get this sorted out. How are you disabling Wi-Fi and Bluetooth? Wi-Fi and Bluetooth controls in Control Center works a bit differently in iOS 11. Read more here: https://t.co/G7BHuQnDS6 You're very welcome. Have an awesome day! Let us know if you have any questions along the way.,AUTO_HANDLE,STRONG_GROUNDED_EVIDENCE,Intent confidence and retrieval evidence exceed validated thresholds and the independent grounding check passed with no unsupported claims.,SAFE_TO_AUTO_HANDLE,Well-defined customer issue with matching historical resolution evidence.,TRUE_AUTO_HANDLE
CASE_005604,@115858 tells me my iPhone battery is fine yet I can’t go more than 2 hours without charging...,BATTERY_CHARGING_POWER,BATTERY_CHARGING_POWER,0.9883079255022563,0.7754,1.0,True,NONE,We'd like to help get this sorted out. Check out this article for some great tips for getting the most out of your battery: https://t.co/TpjqFp3jxD Let us know if you have any questions along the way.,AUTO_HANDLE,STRONG_GROUNDED_EVIDENCE,Intent confidence and retrieval evidence exceed validated thresholds and the independent grounding check passed with no unsupported claims.,SAFE_TO_AUTO_HANDLE,Well-defined customer issue with matching historical resolution evidence.,TRUE_AUTO_HANDLE
CASE_002600,"@115858 TAKE OFF THAT AUTO BRIGHTNESS BULLSHIT @AppleSupport Thank b, sorry",DISPLAY_TOUCH_SCREEN,DISPLAY_TOUCH_SCREEN,0.7711470826578618,0.9039,1.0,True,NONE,"We'd like to help get this sorted out. We appreciate wanting to control the brightness of your screen. Are you using an iOS 11 device? If so, go to Settings &gt; General &gt; Accessibility &gt; Display Accommodations to adjust Auto-Brightness. Here's more details: https://t.co/bkqEVCrK2l You're most welcome! If you ever need any help, please let us know. Have a great day! Let us know if you have any questions along the way.",AUTO_HANDLE,STRONG_GROUNDED_EVIDENCE,Intent confidence and retrieval evidence exceed validated thresholds and the independent grounding check passed with no unsupported claims.,SAFE_TO_AUTO_HANDLE,Well-defined customer issue with matching historical resolution evidence.,TRUE_AUTO_HANDLE
CASE_006394,"@AppleSupport 11.1.1 update. Wi-fi no longer works. Can't toggle it on. @AppleSupport @AppleSupport iphone 5s @AppleSupport Yes, after 11.1.1. Option is greyed out. Unable to turn on in Control Center and in settings. Thank you. @AppleSupport yes, and force restart, and reset network settings",CONNECTIVITY_WIFI_BLUETOOTH,CONNECTIVITY_WIFI_BLUETOOTH,0.7815762970184873,0.811,1.0,True,NONE,"We'd like to help get this sorted out. We'd like to help. Let's start here: https://t.co/bWm9giK0jB Keep us posted with the results. To clarify this for our end, are you experiencing this still on your 6S, but not on your 6? Let us know via DM. https://t.co/GDrqU22YpT Let us know if you have any questions along the way.",AUTO_HANDLE,STRONG_GROUNDED_EVIDENCE,Intent confidence and retrieval evidence exceed validated thresholds and the independent grounding check passed with no unsupported claims.,SAFE_TO_AUTO_HANDLE,Well-defined customer issue with matching historical resolution evidence.,TRUE_AUTO_HANDLE
CASE_005021,@115858 fix this shit cuh 😡➡️ “ I️ “ @AppleSupport Coming in clutch thanks 😤,GENERAL_DEVICE_INQUIRY,GENERAL_DEVICE_INQUIRY,0.6264162522919998,0.7985,1.0,True,NONE,We'd like to help get this sorted out. Check out Settings &gt; General &gt; Software Update. There should be a fix waiting for you! Don't forget to complete a backup first: https://t.co/4f8hwT5to6 You're very welcome. Please let us know if you have any additional questions. We're happy to do everything we can to help. Have a great night! Let us know if you have any questions along the way.,AUTO_HANDLE,STRONG_GROUNDED_EVIDENCE,Intent confidence and retrieval evidence exceed validated thresholds and the independent grounding check passed with no unsupported claims.,SAFE_TO_AUTO_HANDLE,Well-defined customer issue with matching historical resolution evidence.,TRUE_AUTO_HANDLE
CASE_004984,I️ think there’s something wrong here. @115858 what’s going on with my keyboard? lol @AppleSupport I think i fixed it lol,KEYBOARD_TYPING_AUTOCORRECT,KEYBOARD_TYPING_AUTOCORRECT,0.7742002795002705,0.8245,1.0,True,NONE,"We'd be happy to help with this. The issue was fixed in iOS 11.1.1. To update to the latest version of iOS, go to Settings &gt; General &gt; Software Update and tap Download and Install. We recommend having a current backup prior to updating. If you have any questions, just let us know. Let us know if this helps resolve the issue.",AUTO_HANDLE,STRONG_GROUNDED_EVIDENCE,Intent confidence and retrieval evidence exceed validated thresholds and the independent grounding check passed with no unsupported claims.,SAFE_TO_AUTO_HANDLE,Well-defined customer issue with matching historical resolution evidence.,TRUE_AUTO_HANDLE
CASE_006035,"I️ got old navy PJ’s, they had German shepherds on them &amp; I️ started crying in the store lmao This is so frustrating my @115858 fix this me can’t speak over twitter using “me” I️ only speak like that w my friends! This is embarrassing! @115858 IDK what me saying anymore bye @670207 @115858 There’s a new update and it’s fixed now @AppleSupport @670207 It seems that you don’t know regarding the IOS 11.1.1 iphones are getting crashed and hot and we need to restore the device couple of times to get it back 😱😱 @AppleSupport @670207 My ipad pro 10.5 after IOS 11.1.1 update have MASIVE battery drain. 2hr10 min film streaming took battery from 100% down to 52%. Wifi only. @672429 @115858 My phone isn’t showing the update! The worst day of my life @670209 @AppleSupport @670207 me too @670209 @AppleSupport @670207 I did better, 1.5h flipboard and 1.2h reddit, 100% down to 21% #fail",BATTERY_CHARGING_POWER,BATTERY_CHARGING_POWER,0.7001327951667204,0.7502,0.6667,True,NONE,We'd like to help get this sorted out. Do you know what version of iOS is on the device? Let's take a closer look at your iPhone's battery life together in DM. https://t.co/GDrqU22YpT We'd like to take a closer look to assist. If you change your mind send us a Direct Message using the link below and we'll take it from there. https://t.co/GDrqU22YpT Let us know if you have any questions along the way.,AUTO_HANDLE,STRONG_GROUNDED_EVIDENCE,Intent confidence and retrieval evidence exceed validated thresholds and the independent grounding check passed with no unsupported claims.,SAFE_TO_AUTO_HANDLE,Well-defined customer issue with matching historical resolution evidence.,TRUE_AUTO_HANDLE
CASE_003008,@AppleSupport what does this mean? https://t.co/e2SLiruOAg @AppleSupport Thank you!,GENERAL_DEVICE_INQUIRY,GENERAL_DEVICE_INQUIRY,0.6229795266024974,0.9947,1.0,True,NONE,We'd like to help get this sorted out. This is a phishing email. To identify and report these types of emails check out this article: https://t.co/LNMCdqt6fD You're most welcome! Please feel free to reach out to us again if you need any more help. Have a great day! Let us know if you have any questions along the way.,AUTO_HANDLE,STRONG_GROUNDED_EVIDENCE,Intent confidence and retrieval evidence exceed validated thresholds and the independent grounding check passed with no unsupported claims.,SAFE_TO_AUTO_HANDLE,Well-defined customer issue with matching historical resolution evidence.,TRUE_AUTO_HANDLE
CASE_007647,@AppleSupport My phone keeps dropping wifi signal since updating to IOS 11. Tried everything. Could the wifi aerial be the problem. Pls advise.,CONNECTIVITY_WIFI_BLUETOOTH,CONNECTIVITY_WIFI_BLUETOOTH,0.8982500892122843,0.7475,1.0,True,NONE,We'd like to help get this sorted out. We'd love to help out. What issues are you having with Wi-Fi? Which device are you using? Is this happening with all Wi-Fi networks the iPhone connects with? You can DM us the answer. https://t.co/GDrqU22YpT Let us know if you have any questions along the way.,AUTO_HANDLE,STRONG_GROUNDED_EVIDENCE,Intent confidence and retrieval evidence exceed validated thresholds and the independent grounding check passed with no unsupported claims.,SAFE_TO_AUTO_HANDLE,Well-defined customer issue with matching historical resolution evidence.,TRUE_AUTO_HANDLE
CASE_004537,Dear @AppleSupport: how do I fully reset an old iPhone that is mildly functional but so broken I can’t unlock it or actually reset it? @AppleSupport Yea the display is cracked and the censor is too messed up to unlock @AppleSupport I already have a new phone I just wanna reset it before I mail it back @AppleSupport  https://t.co/rboOWlRnah @AppleSupport Thank you so much!,DISPLAY_TOUCH_SCREEN,DISPLAY_TOUCH_SCREEN,0.19984887885199365,0.6649,0.3333,True,NONE,We'd like to help get this sorted out. We'd like to help out. Have you checked the steps here? https://t.co/8MvHMFZ83h Great to hear! Have a great rest of your week! Let us know if you have any questions along the way.,ESCALATE,CONFLICTING_EVIDENCE,Retrieved historical evidence contains conflicting troubleshooting paths or fragmented intents.,SHOULD_ESCALATE,Retrieved evidence does not match customer's problem intent.,TRUE_ESCALATE
CASE_000294,@AppleSupport hi do you do additional memory for Ipad3? Thanks,GENERAL_DEVICE_INQUIRY,GENERAL_DEVICE_INQUIRY,0.2474352870921142,0.5704,0.3333,True,NONE,"We'd like to help get this sorted out. We'll help see why your iPad isn't syncing. Given the error, check out this article and see if it helps: https://t.co/czNgyf4Rgl Let us know if you have any questions along the way.",ESCALATE,WEAK_EVIDENCE,Top retrieval similarity (0.5704) is below the validated quality threshold (0.65).,SAFE_TO_AUTO_HANDLE,Well-defined customer issue with matching historical resolution evidence.,FALSE_ESCALATE
CASE_001498,"@AppleSupport HELP !🙏🏻 I’ve updated my IPhone 6S and I received a message asking me to change my password to unlock my IPhone, using capital letters, lower case and digits. But now I can’t unlock my iPhone because the keyboard shows only digits. What can I do? 😭 @AppleSupport Thank you for your help, I have just sent you a DM 🙂",KEYBOARD_TYPING_AUTOCORRECT,ACCOUNT_APPLEID_ICLOUD,0.33332639535040465,0.6391,0.3333,True,NONE,"We'd like to help get this sorted out. We want to help! Have you updated to iOS 11.1 yet? If not, we recommend starting there. DM us if you have further issues. That sounds like a good plan! Please keep us updated on what happens. https://t.co/GDrqU22YpT Let us know if you have any questions along the way.",ESCALATE,WEAK_EVIDENCE,Top retrieval similarity (0.6391) is below the validated quality threshold (0.65).,SAFE_TO_AUTO_HANDLE,Well-defined customer issue with matching historical resolution evidence.,FALSE_ESCALATE
CASE_005959,@115858 please fix this 👉🏽 I️ I️ I️ I️ @AppleSupport Thanks @AppleSupport my bug is fixed ❤️❤️,GENERAL_DEVICE_INQUIRY,GENERAL_DEVICE_INQUIRY,0.3737441801916295,0.8867,0.6667,True,NONE,We'd like to help get this sorted out. Here’s what you can do to work around the issue until it’s fixed in a future software update: https://t.co/xXaXeeSRt9 You're welcome. We hope you have a great day! Let us know if you have any questions along the way.,ESCALATE,LOW_INTENT_CONFIDENCE,Predicted intent confidence (0.3737) is below the validated confidence threshold (0.60).,SAFE_TO_AUTO_HANDLE,Well-defined customer issue with matching historical resolution evidence.,FALSE_ESCALATE
CASE_005217,@AppleSupport Is it okay to play online games with my iphone while charging the battery? @AppleSupport Thanks!,BATTERY_CHARGING_POWER,BATTERY_CHARGING_POWER,0.8758262489178967,0.6089,1.0,True,NONE,We'd be happy to help with this. That's a great question. Using your device while it's charging wouldn't affect your battery's life. Let us know if this helps resolve the issue.,ESCALATE,WEAK_EVIDENCE,Top retrieval similarity (0.6089) is below the validated quality threshold (0.65).,SAFE_TO_AUTO_HANDLE,Well-defined customer issue with matching historical resolution evidence.,FALSE_ESCALATE
CASE_006100,Why the search tool on iOS 11 doesn’t find apps by name if they’re partially written? @AppleSupport,OS_UPDATE_SYSTEM_PERFORMANCE,OS_UPDATE_SYSTEM_PERFORMANCE,0.719856153026762,0.7364,0.3333,True,NONE,"We'd like to help get this sorted out. Let's take a closer look at getting its search function working right. Which model is it and which exact iOS 11 version? If you check out the following link, do you have anything disabled in the Search settings? https://t.co/C5o3PCtNd0 We're glad to hear that you're back up and running. Reach out to us if you need further help in the future. Let us know if you have any questions along the way.",ESCALATE,CONFLICTING_EVIDENCE,Retrieved historical evidence contains conflicting troubleshooting paths or fragmented intents.,SAFE_TO_AUTO_HANDLE,Well-defined customer issue with matching historical resolution evidence.,FALSE_ESCALATE
CASE_003711,"Yo, @115858 and @AppleSupport, fix your uppercased letter “i” issue. @AppleSupport @485691 Go beta, @485691! 11.1 seems to have it fixed. I I i I i I i I i I i I i I i I.",GENERAL_DEVICE_INQUIRY,KEYBOARD_TYPING_AUTOCORRECT,0.5574990447854886,0.8645,0.0,True,NONE,We'd like to help get this sorted out. Here’s what you can do to work around the issue until it’s fixed in a future software update: https://t.co/xXaXeeSRt9 You're very welcome. Let us know if you have any questions along the way.,ESCALATE,INTENT_EVIDENCE_MISMATCH,Retrieved evidence intent alignment (0.00%) is below the validated alignment threshold (66.00%).,SAFE_TO_AUTO_HANDLE,Well-defined customer issue with matching historical resolution evidence.,FALSE_ESCALATE
CASE_005348,".@115858 this I️ glitch is the worst thing ever. How is this not fixed yet??? @AppleSupport Thank you for your response.  I have done that, but seriously...  This is an all-time awful problem. In my opinion, the all time worst non-security related problem.",OS_UPDATE_SYSTEM_PERFORMANCE,OS_UPDATE_SYSTEM_PERFORMANCE,0.2851023837144673,0.7391,1.0,True,NONE,We'd like to help get this sorted out. We understand how important being able to enter accurate text is. Please follow the steps here: https://t.co/sDSg93LaFu Let us know if you have any questions along the way.,ESCALATE,LOW_INTENT_CONFIDENCE,Predicted intent confidence (0.2851) is below the validated confidence threshold (0.60).,SAFE_TO_AUTO_HANDLE,Well-defined customer issue with matching historical resolution evidence.,FALSE_ESCALATE
CASE_007681,Somebody help a dude out. @115858 my iPod just completely froze like this for the last two hours and the touch screen doesn't work and I can't shut it down. Please help https://t.co/3Mq6WwYvwn @AppleSupport Thank you apple,DISPLAY_TOUCH_SCREEN,DISPLAY_TOUCH_SCREEN,0.5372076050284408,0.7101,0.3333,True,NONE,"We'd like to help get this sorted out. We'd like to help. DM us and tell us which version of iOS you're running under Settings &gt; General &gt; About. https://t.co/GDrqU22YpT Nice work. We're glad you got it working again. Should you have a question or concern in the future, we'll be here for you. Let us know if you have any questions along the way.",ESCALATE,INTENT_EVIDENCE_MISMATCH,Retrieved evidence intent alignment (33.33%) is below the validated alignment threshold (66.00%).,SAFE_TO_AUTO_HANDLE,Well-defined customer issue with matching historical resolution evidence.,FALSE_ESCALATE
CASE_003090,#IphoneXPreOrder #iPhoneX @AppleSupport still no confirmation email in regards to my ‘reserved’ iPhone because of ‘couldn’t reach carrier’ @432099 @AppleSupport Same @AppleSupport Thank u @AppleSupport @432099 That’s baloney.  I contacted Apple support and all they could say was to be patient- it’s been over 10 hours - Apple support is useless @AppleSupport @432273 I am too @AppleSupport @432273 I’m waiting as well and Apple support just tells you to be patient- I think 10+ hours is more than patient to get a confirmation email @AppleSupport All good! Got my email! Thanks! @432274 @AppleSupport @432273 I’ve been waiting 10+ hours with no email to confirm order. @AppleSupport @432273 Still haven't gotten my email #IphoneXPreOrder #iPhoneX,CONNECTIVITY_WIFI_BLUETOOTH,GENERAL_DEVICE_INQUIRY,0.21190715552846567,0.7779,0.6667,True,NONE,"We'd like to help get this sorted out. We want to help. Have you checked your Junk mail folders to see if it arrived there? Glad to hear that has appeared. For any questions about your shipping date, reach out to our sales team: https://t.co/8yjRd1Xo0i Let us know if you have any questions along the way.",ESCALATE,LOW_INTENT_CONFIDENCE,Predicted intent confidence (0.2119) is below the validated confidence threshold (0.60).,SAFE_TO_AUTO_HANDLE,Well-defined customer issue with matching historical resolution evidence.,FALSE_ESCALATE
