intent_id,intent_description,customer_message,thread_root_id,resolution_status,review_decision,review_notes
KEYBOARD_TYPING_AUTOCORRECT,"Keyboard unresponsiveness, predictive text malfunctions, and autocorrect glyph glitches (including the iOS 11 letter 'I' substitution bug).",When is @115858 going to fix this annoying keyboard glitch? 🤔 @AppleSupport Thank you kindly,2141595,PARTIALLY_RESOLVED,,
KEYBOARD_TYPING_AUTOCORRECT,"Keyboard unresponsiveness, predictive text malfunctions, and autocorrect glyph glitches (including the iOS 11 letter 'I' substitution bug).",@AppleSupport  why can’t I update my apps and i️t says “your Apple ID has been disabled “ @AppleSupport it didn’t work :(,2276357,PARTIALLY_RESOLVED,,
KEYBOARD_TYPING_AUTOCORRECT,"Keyboard unresponsiveness, predictive text malfunctions, and autocorrect glyph glitches (including the iOS 11 letter 'I' substitution bug).","@AppleSupport hi, whats going on with everything on iOS 11? My battery dies faster, my keyboard freezes sometimes and my apps won’t update @AppleSupport This is iOS 11.0.2 but as I was checking, my phone told me I had an update to 11.0.3, so I’ll do ",823168,CLEARLY_RESOLVED,,
KEYBOARD_TYPING_AUTOCORRECT,"Keyboard unresponsiveness, predictive text malfunctions, and autocorrect glyph glitches (including the iOS 11 letter 'I' substitution bug).","@AppleSupport When my iPhone X is locked, is there a way to access the Notifications Center without first unlocking the phone first? @AppleSupport Negative. Just tried that. Even after unlocking a type from top left wouldn’t work until I swiped the h",2363018,CLEARLY_RESOLVED,,
KEYBOARD_TYPING_AUTOCORRECT,"Keyboard unresponsiveness, predictive text malfunctions, and autocorrect glyph glitches (including the iOS 11 letter 'I' substitution bug).",@AppleSupport  did you fix the keyboard issue yet? I️ @AppleSupport @213965 Ive installed IOS 11.1.1 and my keyboard is very slow. My screen is rotating even when portrait rotation lock is on. I am unhappy. @AppleSupport Just did update.  I’ll see ho,2573888,CLEARLY_RESOLVED,,
BATTERY_CHARGING_POWER,"Rapid battery drain, slow or failed charging, device overheating, or unexpected power shutdown.","@AppleSupport good evening, I think my battery is getting low too fast. Can you run a test, please? @AppleSupport Thank you for your quick answer. It's an IPhone 6, 10.3.3 @AppleSupport Thank you",2424337,PARTIALLY_RESOLVED,,
BATTERY_CHARGING_POWER,"Rapid battery drain, slow or failed charging, device overheating, or unexpected power shutdown.",@AppleSupport I've been using my phone for less than 20 minutes and have watched it drop over 40% in battery... help?????? @AppleSupport 6s and iOS 11.0.3,2249982,PARTIALLY_RESOLVED,,
BATTERY_CHARGING_POWER,"Rapid battery drain, slow or failed charging, device overheating, or unexpected power shutdown.","I’m seriously regretting updating my phone to IOS 11. My battery life has been cut in half if not more. @115858 please please please fix this. @AppleSupport iPhone SE, IOS 11.1.2 @AppleSupport Thank you, but I hope you guys come out with a fix to thi",2757476,PARTIALLY_RESOLVED,,
BATTERY_CHARGING_POWER,"Rapid battery drain, slow or failed charging, device overheating, or unexpected power shutdown.",@115858 @AppleSupport wht kind of update is ios11 My phn 6s been showin only white screen with black apple logo since 4 hrs. Phn dead nw Help @115858 @AppleSupport it again becum dead. Heard of 2 more sets with same issue. They resolved by goin to se,1347730,CLEARLY_RESOLVED,,
BATTERY_CHARGING_POWER,"Rapid battery drain, slow or failed charging, device overheating, or unexpected power shutdown.",someone help!! my phone froze &amp; I tried doing the restart by pushing the off &amp; home button @ the same time &amp; it turned off then went to this screen &amp; won't turn on. It stays on this screen &amp; after a couple minutes turns off so I p,667074,CLEARLY_RESOLVED,,
CONNECTIVITY_WIFI_BLUETOOTH,"Inability to connect to, maintain connection with, or discover WiFi networks, Bluetooth accessories, Cellular data, or AirDrop.","@AppleSupport hi! My Apple Maps and any apps using Apple maps doesn’t work. It won’t load the map. I have an iPhone X with iOS 11.1.2. Help! https://t.co/qkyxM5GEM1 @AppleSupport Google maps works! @AppleSupport Yes, it wouldn’t work no matter where ",2614264,CLEARLY_RESOLVED,,
CONNECTIVITY_WIFI_BLUETOOTH,"Inability to connect to, maintain connection with, or discover WiFi networks, Bluetooth accessories, Cellular data, or AirDrop.",@AppleSupport @115858 why does my Bluetooth and wifi turn on automatically on iOS 11?,1335503,PARTIALLY_RESOLVED,,
CONNECTIVITY_WIFI_BLUETOOTH,"Inability to connect to, maintain connection with, or discover WiFi networks, Bluetooth accessories, Cellular data, or AirDrop.","@AppleSupport hi, I'm having trouble installing ios 11 and my phone keeps saying there's an error. What should I do? @AppleSupport I'm trying to do it over wi-fi. I'm able to download the update but there's an error every time I try to install @Apple",2568137,CLEARLY_RESOLVED,,
CONNECTIVITY_WIFI_BLUETOOTH,"Inability to connect to, maintain connection with, or discover WiFi networks, Bluetooth accessories, Cellular data, or AirDrop.",My iPhone was stuck on “updating iCloud settings” for iOS 11.1 for six hours and this is the BS I return to #WTF https://t.co/PoOY3tNmPr @501104 Same here. And now I don’t have internet connection unless connected to WiFi @AppleSupport thanks a lot. ,1638759,PARTIALLY_RESOLVED,,
CONNECTIVITY_WIFI_BLUETOOTH,"Inability to connect to, maintain connection with, or discover WiFi networks, Bluetooth accessories, Cellular data, or AirDrop.","Help!! My iPhone 5s keeps searching for a network, what to do? @AppleSupport https://t.co/YxCzPLWSv5 @AppleSupport I have WiFi, but i can’t send texts or call. No problems with the card! I’m using the first version of iOS 11 @AppleSupport Thank you!",910527,CLEARLY_RESOLVED,,
DISPLAY_TOUCH_SCREEN,"Touchscreen unresponsiveness, display freezing, screen flickering, brightness adjustments, or biometric authentication (Face ID / Touch ID).",@AppleSupport my iPhone SE screen is not working after #ios11.1 update. Twice the phone have restarted itself. looks like i am in mess now @AppleSupport Thanks - I got it restored to 11.0.2 apple service Center in Philippines- will wait some more tim,1442413,CLEARLY_RESOLVED,,
DISPLAY_TOUCH_SCREEN,"Touchscreen unresponsiveness, display freezing, screen flickering, brightness adjustments, or biometric authentication (Face ID / Touch ID).",@115858 where is auto brightness on the newest update?? This is driving me nuts @AppleSupport Thank you! @AppleSupport Thanks! You too!,430139,CLEARLY_RESOLVED,,
DISPLAY_TOUCH_SCREEN,"Touchscreen unresponsiveness, display freezing, screen flickering, brightness adjustments, or biometric authentication (Face ID / Touch ID).","@115858 every update generate new conflicts. Now I have a problem, not recognise my Touch id. before update iOS 11.1 my touch id working. @AppleSupport @683820 Has this problem solved ? I have the same problem too",2369508,CLEARLY_RESOLVED,,
DISPLAY_TOUCH_SCREEN,"Touchscreen unresponsiveness, display freezing, screen flickering, brightness adjustments, or biometric authentication (Face ID / Touch ID).",@AppleSupport 40 minutes trying to get #quicktime to work effectively. Spinning beach ball with my screen recordings and nothing but wasted time and dropped frames. I have nothing to show for my work and now I have no more time. FCP isn't better in t,1216352,CLEARLY_RESOLVED,,
DISPLAY_TOUCH_SCREEN,"Touchscreen unresponsiveness, display freezing, screen flickering, brightness adjustments, or biometric authentication (Face ID / Touch ID).",@AppleSupport Does Face ID’s infrared damage eyes if used constantly during the day? @AppleSupport Thanks. That was very helpful. Under Safety it mentions Face ID is face under “normal usage conditions”. We were wondering about your definition of “no,1571024,CLEARLY_RESOLVED,,
ACCOUNT_APPLEID_ICLOUD,"Apple ID account login issues, password reset, two-factor authentication verification, activation lock, and iCloud storage management.",@AppleSupport What do I need to do so that back ups aren’t storing so much data in my iCloud. 1/2 of the usage is from backups.,2307012,PARTIALLY_RESOLVED,,
ACCOUNT_APPLEID_ICLOUD,"Apple ID account login issues, password reset, two-factor authentication verification, activation lock, and iCloud storage management.",@AppleSupport updated to iPhoneX and all my activity achievements are lost. Even my special ones. How Can I fix this? @AppleSupport Thanks! Unfortunately I didn’t because iCloud wasn’t backing up my previous phone’s data so I started anew but was abl,2295886,CLEARLY_RESOLVED,,
ACCOUNT_APPLEID_ICLOUD,"Apple ID account login issues, password reset, two-factor authentication verification, activation lock, and iCloud storage management.",Damn never thought for a minute that you would let me down @AppleSupport 😔 the fact i had to make an appointment and never been called👎🏼#boo @AppleSupport I've been waiting a full whole day to get help. I'm on vacation and on Aruba it's limited for h,284421,CLEARLY_RESOLVED,,
ACCOUNT_APPLEID_ICLOUD,"Apple ID account login issues, password reset, two-factor authentication verification, activation lock, and iCloud storage management.","What I want to say about the iPhone X upgrade won't fit in 140 characters. Suffice to say: Not happy @115858 @115858 I strayed in the garden wall. I followed the default prompts. I even backed up my iPhone 7 Plus to iTunes, with encryption @115858 (t",1575123,CLEARLY_RESOLVED,,
ACCOUNT_APPLEID_ICLOUD,"Apple ID account login issues, password reset, two-factor authentication verification, activation lock, and iCloud storage management.","@AppleSupport help! I keep getting an error trying to view my photos! Have plenty of space on both iCloud and my phone but the full res images are impossible to view! It’s getting right on my nerves!!! 😡 @AppleSupport Thanks, will get in touch...",596860,PARTIALLY_RESOLVED,,
APP_STORE_PURCHASES_BILLING,"App Store purchases, in-app billing, Apple Music subscriptions, duplicate charges, payment methods, and refund requests.","@AppleSupport I purchased on iTunes tho I am unable to download it due to space, is it still purchased? I want download it to my Apple iPad when I get it. @AppleSupport It’s not an App it is a Movie. If I had to delete it off my phone due to space wi",667835,CLEARLY_RESOLVED,,
APP_STORE_PURCHASES_BILLING,"App Store purchases, in-app billing, Apple Music subscriptions, duplicate charges, payment methods, and refund requests.",So close to switching back to an Andorid.. @115858 gives me more problems than anything. Woke up and my phone said I don't have an apple music account (I do) an erased all of my music off of my phone.,2417418,PARTIALLY_RESOLVED,,
APP_STORE_PURCHASES_BILLING,"App Store purchases, in-app billing, Apple Music subscriptions, duplicate charges, payment methods, and refund requests.",@AppleSupport how do I purchase music but not download to device. I have iTunes Match. @AppleSupport 👏,299037,PARTIALLY_RESOLVED,,
APP_STORE_PURCHASES_BILLING,"App Store purchases, in-app billing, Apple Music subscriptions, duplicate charges, payment methods, and refund requests.","@AppleSupport Hi, why do all the beatles albums appear like this in my apple music library and how do I get proper album art back? https://t.co/sLW646cuhf @AppleSupport Thanks! Sadly it doesn’t. The artwork appears correctly on my Mac, and in search ",1178943,CLEARLY_RESOLVED,,
APP_STORE_PURCHASES_BILLING,"App Store purchases, in-app billing, Apple Music subscriptions, duplicate charges, payment methods, and refund requests.","@AppleSupport Iphone 7, iOS update. Werkt niet meer, kan ook niet resetten oid. iTunes op macbook herkent hem niet. Toestaan kan niet. help! @AppleSupport My problem is solved! Thanks anyway. 👍🏻",361060,PARTIALLY_RESOLVED,,
APP_CRASH_AND_DOWNLOAD,"First-party and third-party applications freezing, crashing on launch, or failing to download/install from the App Store.","My iPhone 6 crashing every 30 second in ios11.1.2. Any solution?  @AppleSupport @AppleSupport Yes, problem solved. 😀 Thanks",542505,CLEARLY_RESOLVED,,
APP_CRASH_AND_DOWNLOAD,"First-party and third-party applications freezing, crashing on launch, or failing to download/install from the App Store.",@115858 would you care to explain to me why my phone keeps freezing? It’s frustrating.,2293557,PARTIALLY_RESOLVED,,
APP_CRASH_AND_DOWNLOAD,"First-party and third-party applications freezing, crashing on launch, or failing to download/install from the App Store.",My phone keeps on crashing since I updated it 😠 #iOS11 👎🏻 #ios11update 👎🏻 @115858 @AppleSupport Thank you. It’s happened a lot with Whatssap and Instagram. But my phone is just way slower than before in general. @AppleSupport It’s just happened with ,712522,CLEARLY_RESOLVED,,
APP_CRASH_AND_DOWNLOAD,"First-party and third-party applications freezing, crashing on launch, or failing to download/install from the App Store.","Why is it ok that my iPhone6 worked fine before IOS11, yet now it’s incredibly buggy and slow...constant app crashes. @115858 why have you broken my phone?! It worked fine!",2350747,CLEARLY_RESOLVED,,
APP_CRASH_AND_DOWNLOAD,"First-party and third-party applications freezing, crashing on launch, or failing to download/install from the App Store.","@AppleSupport @115858 my iPhone 6s getting stuck, when i tap on call icon. It recovers after 30 sec’s. This is f***ing horrible. Kindly help @AppleSupport 11.0.3 . I noticed mostly with call and message. @AppleSupport Thanks. Kindly guide me with the",1795727,CLEARLY_RESOLVED,,
AUDIO_SOUND_SPEAKER,"Speaker distortion, microphone input failure, call audio issues, volume controls, or AirPods audio disconnects.","whenever i screen record a video there’s sound for the first few seconds then it goes pls help @AppleSupport @AppleSupport I just tried it on YouTube and it worked and then stopped working, I can try other apps too if you need it? @AppleSupport I tri",2220393,CLEARLY_RESOLVED,,
AUDIO_SOUND_SPEAKER,"Speaker distortion, microphone input failure, call audio issues, volume controls, or AirPods audio disconnects.","@AppleSupport Just got AirPods. Love them. Question - is there any way to ignore an incoming call on them without having to touch my phone? @AppleSupport I’ve already been on this particular site. Great support, nothing on there about ignoring calls ",898667,PARTIALLY_RESOLVED,,
AUDIO_SOUND_SPEAKER,"Speaker distortion, microphone input failure, call audio issues, volume controls, or AirPods audio disconnects.",yo @AppleSupport my volume isn’t working on my MacBook.. #help,2353658,PARTIALLY_RESOLVED,,
AUDIO_SOUND_SPEAKER,"Speaker distortion, microphone input failure, call audio issues, volume controls, or AirPods audio disconnects.",@AppleSupport hi I cannot hear my voicemail or record a greeting after the latest iOS 11.1.2 update 😔 @AppleSupport Thanks have done,148166,PARTIALLY_RESOLVED,,
AUDIO_SOUND_SPEAKER,"Speaker distortion, microphone input failure, call audio issues, volume controls, or AirPods audio disconnects.","@AppleSupport I'm sure by now you know about crashes, but my iPhone 7 keeps crashing apps since iOS 11. This may sound silly, but I'm not able to use the Starbucks app anymore as it crashes when I try to pay. I'm loosing points, thus loosing free dri",806480,CLEARLY_RESOLVED,,
OS_UPDATE_SYSTEM_PERFORMANCE,"General system performance degradation, software update installation errors, device restore, and operating system bugs.",Why the search tool on iOS 11 doesn’t find apps by name if they’re partially written? @AppleSupport,2324555,PARTIALLY_RESOLVED,,
OS_UPDATE_SYSTEM_PERFORMANCE,"General system performance degradation, software update installation errors, device restore, and operating system bugs.",.@AppleSupport when is the update coming to fix the issue about the ? Sign replacing the I️???? ANNOYING!!!!!!! @AppleSupport Thank you,2112755,PARTIALLY_RESOLVED,,
OS_UPDATE_SYSTEM_PERFORMANCE,"General system performance degradation, software update installation errors, device restore, and operating system bugs.","@AppleSupport Why cant i update my ios? I have enough storage😭 https://t.co/OPPlMJLRMK @AppleSupport @115948 hi hi maybe you know? @AppleSupport Thank you! I read the instructions and i think i wasnt able to update because many ppl update it, yesterd",152824,CLEARLY_RESOLVED,,
OS_UPDATE_SYSTEM_PERFORMANCE,"General system performance degradation, software update installation errors, device restore, and operating system bugs.",@115858 have actually broken my phone @AppleSupport It’s your iOS 11 that’s broken it,2589195,PARTIALLY_RESOLVED,,
OS_UPDATE_SYSTEM_PERFORMANCE,"General system performance degradation, software update installation errors, device restore, and operating system bugs.",@AppleSupport I’m trying to update my apps and it keeps saying my bank details are incorrect when they clearly aren’t. Any advice?,1642371,PARTIALLY_RESOLVED,,
HOW_TO_SETTINGS_CONFIGURATION,"Questions on how to locate, configure, or customize specific iOS features, control center items, and device settings.",@AppleSupport hi i am in the Uk can we add paypal to make purchases?  To buy things from in apps ? @AppleSupport How do I add PayPal on my iPad please ? Can’t find the option only visa etc thank you for the link @AppleSupport Am in the Uk so I can’t ,550674,PARTIALLY_RESOLVED,,
HOW_TO_SETTINGS_CONFIGURATION,"Questions on how to locate, configure, or customize specific iOS features, control center items, and device settings.",@AppleSupport I was with version 11.1 and my apps just crashed every time i open them @AppleSupport I have tried the special settings and the apps i was talking about work again. (The Provider Settings). Thanks for the time though,2438545,PARTIALLY_RESOLVED,,
HOW_TO_SETTINGS_CONFIGURATION,"Questions on how to locate, configure, or customize specific iOS features, control center items, and device settings.","My phone keeps changing “I” to “I️”, and it is driving me insane. @AppleSupport HOW DO I FIX THIS?! Nothing I’ve tried works. @AppleSupport I finally figured it out. Thanks for responding, though :)",2137210,PARTIALLY_RESOLVED,,
HOW_TO_SETTINGS_CONFIGURATION,"Questions on how to locate, configure, or customize specific iOS features, control center items, and device settings.",@AppleSupport how do I turn off bedtime app sleep reminder? @AppleSupport But is there a way to turn off the reminder? @AppleSupport Aw dang. Thanks,1331300,PARTIALLY_RESOLVED,,
HOW_TO_SETTINGS_CONFIGURATION,"Questions on how to locate, configure, or customize specific iOS features, control center items, and device settings.","@AppleSupport Can @115858 implement a shortcut ""low power mode"" to the quick access icons 🙏 https://t.co/7c5hxjSKJd @AppleSupport 6; 10.3.2. I mean, even @198874 has this feature. 😂 @AppleSupport Nice 👌",1046622,PARTIALLY_RESOLVED,,
GENERAL_DEVICE_INQUIRY,"Miscellaneous device inquiries, general hardware questions, or complex multi-symptom inquiries.",Okay now these “A” and “?” are starting to annoy me. @AppleSupport what’s good with these updates? @AppleSupport Thank you!,2227070,CLEARLY_RESOLVED,,
GENERAL_DEVICE_INQUIRY,"Miscellaneous device inquiries, general hardware questions, or complex multi-symptom inquiries.","Dear @115858: I love your products, but ever since I updated my phone’s software, It. Hasn’t. Worked. Please fix it. @270031 @115858 Dear Apple, My GPS has not been working in several locations since I updated my phone last Friday. Please address thi",632946,PARTIALLY_RESOLVED,,
GENERAL_DEVICE_INQUIRY,"Miscellaneous device inquiries, general hardware questions, or complex multi-symptom inquiries.",@115858  this message came up when using MyFitnessPal app? I didn't click install. Can you help? Thx! https://t.co/s3Ckidcwjb @AppleSupport Thanks Apple!,991574,PARTIALLY_RESOLVED,,
GENERAL_DEVICE_INQUIRY,"Miscellaneous device inquiries, general hardware questions, or complex multi-symptom inquiries.",@115858 not to be dramatic but if y’all don’t fix the I️ issue I’m gonna die,2193347,PARTIALLY_RESOLVED,,
GENERAL_DEVICE_INQUIRY,"Miscellaneous device inquiries, general hardware questions, or complex multi-symptom inquiries.",My phone wouldn't turn on for an hour @115858 we're going to have some problems @AppleSupport It's working now,98824,CLEARLY_RESOLVED,,
